<?xml version="1.0" encoding="UTF-8"?>
<ti:module xmlns:ti="http://ti.appcelerator.org" xmlns:android="http://schemas.android.com/apk/res/android">
	<iphone>
	</iphone>
	<android xmlns:android="http://schemas.android.com/apk/res/android">
		<manifest package="${tiapp.properties['id']}" >
			<uses-permission android:name="android.permission.INTERNET"/>
		    <uses-permission android:name="android.permission.ACCESS_NETWORK_STATE"/>	
		</manifest>
	</android>
	<mobileweb>
	</mobileweb>
</ti:module>
